request_id,amount_safe_to_pay,affordability_status,recommended_payment_method,payment_plan,earliest_date_for_full_payment,spending_changes_needed,decision_explanation
request_26,76076950.0,affordable_now,full_payment,2025-08-03:15656000.0,2025-08-03,none,User has enough safe buffer to pay 15656000.0 in full today.
request_27,72641.8,affordable_now,full_payment,2026-07-05:6670.0,2026-07-05,none,User has enough safe buffer to pay 6670.0 in full today.
request_28,0.0,not_affordable,not_recommended,none,,none,"Safe to pay 0.0 today, but request is 1302.4."
request_29,85240.1,affordable_now,full_payment,2025-11-04:51524.0,2025-11-04,none,User has enough safe buffer to pay 51524.0 in full today.
request_30,2852.72,affordable_now,full_payment,2026-04-06:775.2,2026-04-06,none,User has enough safe buffer to pay 775.2 in full today.
request_31,13840360.0,affordable_with_plan,installments,2024-09-10:1020643.81|2024-10-08:1020643.81|2024-11-05:1020643.81|2024-12-03:1020643.81|2024-12-31:1020643.81|2025-01-28:1020643.81|2025-02-25:1020643.81|2025-03-25:1020643.81|2025-04-22:1020643.81|2025-05-20:1020643.81|2025-06-17:1020643.81|2025-07-15:1020643.81|2025-08-12:1020643.81|2025-09-09:1020643.81|2025-10-07:1020643.81|2025-11-04:1020643.81|2025-12-02:1020643.81|2025-12-30:1020643.81|2026-01-27:1020643.81|2026-02-24:1020643.81|2026-03-24:1020643.81,,none,"Cannot pay in full, but can afford 1020643.81 installments."
request_32,1883.5550000000112,not_affordable,not_recommended,none,,none,"Safe to pay 1883.5550000000112 today, but request is 40018.0."
request_33,0.0,not_affordable,not_recommended,none,,none,"Safe to pay 0.0 today, but request is 118000.0."
request_34,421252.5,affordable_now,full_payment,2024-12-04:129400.0,2024-12-04,none,User has enough safe buffer to pay 129400.0 in full today.
request_35,99559.8175,affordable_with_plan,installments,2025-11-06:15546.67|2025-12-06:15546.67|2026-01-05:15546.67|2026-02-04:15546.67|2026-03-06:15546.67|2026-04-05:15546.67|2026-05-05:15546.67|2026-06-04:15546.67|2026-07-04:15546.67|2026-08-03:15546.67|2026-09-02:15546.67|2026-10-02:15546.67|2026-11-01:15546.67|2026-12-01:15546.67|2026-12-31:15546.67,,none,"Cannot pay in full, but can afford 15546.67 installments."
request_36,703.0749999999996,affordable_with_plan,installments,2026-07-17:250.42|2026-08-17:250.42|2026-09-17:250.42|2026-10-18:250.42|2026-11-18:250.42|2026-12-19:250.42|2027-01-19:250.42|2027-02-19:250.42|2027-03-22:250.42|2027-04-22:250.42|2027-05-23:250.42|2027-06-23:250.42|2027-07-24:250.42|2027-08-24:250.42|2027-09-24:250.42|2027-10-25:250.42|2027-11-25:250.42|2027-12-26:250.42,,none,"Cannot pay in full, but can afford 250.42 installments."
request_37,1989.792000003159,not_affordable,not_recommended,none,,none,"Safe to pay 1989.792000003159 today, but request is 14649000.0."
request_38,220.02916666666653,affordable_with_plan,installments,2025-08-10:71.23|2025-09-09:71.23|2025-10-09:71.23|2025-11-08:71.23|2025-12-08:71.23|2026-01-07:71.23|2026-02-06:71.23|2026-03-08:71.23|2026-04-07:71.23|2026-05-07:71.23|2026-06-06:71.23|2026-07-06:71.23|2026-08-05:71.23|2026-09-04:71.23|2026-10-04:71.23,,none,"Cannot pay in full, but can afford 71.23 installments."
request_39,203105.0,affordable_with_plan,installments,2026-04-11:13211.33|2026-05-12:13211.33|2026-06-12:13211.33|2026-07-13:13211.33|2026-08-13:13211.33|2026-09-13:13211.33|2026-10-14:13211.33|2026-11-14:13211.33|2026-12-15:13211.33|2027-01-15:13211.33|2027-02-15:13211.33|2027-03-18:13211.33|2027-04-18:13211.33|2027-05-19:13211.33|2027-06-19:13211.33|2027-07-20:13211.33|2027-08-20:13211.33|2027-09-20:13211.33,,none,"Cannot pay in full, but can afford 13211.33 installments."
request_40,0.0,not_affordable,not_recommended,none,,none,"Safe to pay 0.0 today, but request is 1290.3."
request_41,24809250.0,affordable_with_plan,installments,2025-11-03:2842400.0|2025-12-03:2842400.0|2026-01-02:2842400.0|2026-02-01:2842400.0|2026-03-03:2842400.0|2026-04-02:2842400.0|2026-05-02:2842400.0|2026-06-01:2842400.0|2026-07-01:2842400.0|2026-07-31:2842400.0|2026-08-30:2842400.0|2026-09-29:2842400.0|2026-10-29:2842400.0|2026-11-28:2842400.0|2026-12-28:2842400.0,,none,"Cannot pay in full, but can afford 2842400.0 installments."
request_42,129354.42583333336,affordable_now,full_payment,2026-01-05:52100.0,2026-01-05,none,User has enough safe buffer to pay 52100.0 in full today.
request_43,4033199.4783333335,affordable_with_plan,installments,2024-09-14:2435239.05|2024-10-12:2435239.05|2024-11-09:2435239.05|2024-12-07:2435239.05|2025-01-04:2435239.05|2025-02-01:2435239.05|2025-03-01:2435239.05|2025-03-29:2435239.05|2025-04-26:2435239.05|2025-05-24:2435239.05|2025-06-21:2435239.05|2025-07-19:2435239.05|2025-08-16:2435239.05|2025-09-13:2435239.05|2025-10-11:2435239.05|2025-11-08:2435239.05|2025-12-06:2435239.05|2026-01-03:2435239.05|2026-01-31:2435239.05|2026-02-28:2435239.05|2026-03-28:2435239.05,,none,"Cannot pay in full, but can afford 2435239.05 installments."
request_44,19958.160833333328,affordable_with_plan,installments,2025-02-18:7025.33|2025-03-20:7025.33|2025-04-19:7025.33|2025-05-19:7025.33|2025-06-18:7025.33|2025-07-18:7025.33|2025-08-17:7025.33|2025-09-16:7025.33|2025-10-16:7025.33|2025-11-15:7025.33|2025-12-15:7025.33|2026-01-14:7025.33|2026-02-13:7025.33|2026-03-15:7025.33|2026-04-14:7025.33,,none,"Cannot pay in full, but can afford 7025.33 installments."
request_45,3700876.8433333347,affordable_with_plan,installments,2026-07-06:1392256.67|2026-08-06:1392256.67|2026-09-06:1392256.67|2026-10-07:1392256.67|2026-11-07:1392256.67|2026-12-08:1392256.67|2027-01-08:1392256.67|2027-02-08:1392256.67|2027-03-11:1392256.67|2027-04-11:1392256.67|2027-05-12:1392256.67|2027-06-12:1392256.67|2027-07-13:1392256.67|2027-08-13:1392256.67|2027-09-13:1392256.67|2027-10-14:1392256.67|2027-11-14:1392256.67|2027-12-15:1392256.67,,none,"Cannot pay in full, but can afford 1392256.67 installments."
request_46,118335.0,affordable_now,full_payment,2024-12-03:49450.0,2024-12-03,none,User has enough safe buffer to pay 49450.0 in full today.
request_47,82875150.0,affordable_now,full_payment,2025-05-05:38114000.0,2025-05-05,none,User has enough safe buffer to pay 38114000.0 in full today.
request_48,116765.0,affordable_now,full_payment,2026-07-25:45700.0,2026-07-25,none,User has enough safe buffer to pay 45700.0 in full today.
request_49,4731189.716666684,affordable_with_plan,installments,2024-03-04:1929187.62|2024-04-01:1929187.62|2024-04-29:1929187.62|2024-05-27:1929187.62|2024-06-24:1929187.62|2024-07-22:1929187.62|2024-08-19:1929187.62|2024-09-16:1929187.62|2024-10-14:1929187.62|2024-11-11:1929187.62|2024-12-09:1929187.62|2025-01-06:1929187.62|2025-02-03:1929187.62|2025-03-03:1929187.62|2025-03-31:1929187.62|2025-04-28:1929187.62|2025-05-26:1929187.62|2025-06-23:1929187.62|2025-07-21:1929187.62|2025-08-18:1929187.62|2025-09-15:1929187.62,,none,"Cannot pay in full, but can afford 1929187.62 installments."
request_50,147625.5,affordable_now,full_payment,2025-08-06:43900.0,2025-08-06,none,User has enough safe buffer to pay 43900.0 in full today.
request_51,27536700.0,affordable_now,full_payment,2026-01-03:2191000.0,2026-01-03,none,User has enough safe buffer to pay 2191000.0 in full today.
request_52,9212.345000000001,affordable_with_plan,installments,2024-06-19:1422.88|2024-07-17:1422.88|2024-08-14:1422.88|2024-09-11:1422.88|2024-10-09:1422.88|2024-11-06:1422.88|2024-12-04:1422.88|2025-01-01:1422.88|2025-01-29:1422.88|2025-02-26:1422.88|2025-03-26:1422.88|2025-04-23:1422.88|2025-05-21:1422.88|2025-06-18:1422.88|2025-07-16:1422.88|2025-08-13:1422.88|2025-09-10:1422.88|2025-10-08:1422.88|2025-11-05:1422.88|2025-12-03:1422.88|2025-12-31:1422.88,,none,"Cannot pay in full, but can afford 1422.88 installments."
request_53,0.0,not_affordable,not_recommended,none,,none,"Safe to pay 0.0 today, but request is 1699.2."
request_54,0.0,not_affordable,not_recommended,none,,none,"Safe to pay 0.0 today, but request is 121528.0."
request_55,178064.83999999997,affordable_with_plan,installments,2026-06-11:75781.33|2026-07-12:75781.33|2026-08-12:75781.33,,none,"Cannot pay in full, but can afford 75781.33 installments."
request_56,1332.3600000000001,affordable_now,full_payment,2025-02-03:881.56,2025-02-03,none,User has enough safe buffer to pay 881.56 in full today.
request_57,0.0,not_affordable,not_recommended,none,,none,"Safe to pay 0.0 today, but request is 61446.0."
request_58,27712165.0,affordable_now,full_payment,2024-12-07:16226000.0,2024-12-07,none,User has enough safe buffer to pay 16226000.0 in full today.
request_59,590645.99,affordable_now,full_payment,2025-05-04:140600.0,2025-05-04,none,User has enough safe buffer to pay 140600.0 in full today.
request_60,0.0,not_affordable,not_recommended,none,,none,"Safe to pay 0.0 today, but request is 199.89."
request_61,110770.23000000001,affordable_now,full_payment,2024-03-03:29062.0,2024-03-03,none,User has enough safe buffer to pay 29062.0 in full today.
request_62,3851.4399999999996,affordable_now,full_payment,2025-08-05:404.23,2025-08-05,none,User has enough safe buffer to pay 404.23 in full today.
request_63,98295.0,affordable_with_plan,installments,2026-07-14:21780.33|2026-08-14:21780.33|2026-09-14:21780.33|2026-10-15:21780.33|2026-11-15:21780.33|2026-12-16:21780.33|2027-01-16:21780.33|2027-02-16:21780.33|2027-03-19:21780.33|2027-04-19:21780.33|2027-05-20:21780.33|2027-06-20:21780.33|2027-07-21:21780.33|2027-08-21:21780.33|2027-09-21:21780.33|2027-10-22:21780.33|2027-11-22:21780.33|2027-12-23:21780.33,,none,"Cannot pay in full, but can afford 21780.33 installments."
request_64,62473.009999999995,affordable_with_plan,installments,2024-06-11:22082.67|2024-07-12:22082.67|2024-08-12:22082.67,,none,"Cannot pay in full, but can afford 22082.67 installments."
request_65,7542.546666666665,affordable_with_plan,installments,2025-11-06:3984.93|2025-12-06:3984.93|2026-01-05:3984.93|2026-02-04:3984.93|2026-03-06:3984.93|2026-04-05:3984.93|2026-05-05:3984.93|2026-06-04:3984.93|2026-07-04:3984.93|2026-08-03:3984.93|2026-09-02:3984.93|2026-10-02:3984.93|2026-11-01:3984.93|2026-12-01:3984.93|2026-12-31:3984.93,,none,"Cannot pay in full, but can afford 3984.93 installments."
request_66,221820.0,affordable_now,full_payment,2026-04-03:22200.0,2026-04-03,none,User has enough safe buffer to pay 22200.0 in full today.
request_67,792.54,affordable_with_plan,installments,2024-09-12:117.66|2024-10-10:117.66|2024-11-07:117.66|2024-12-05:117.66|2025-01-02:117.66|2025-01-30:117.66|2025-02-27:117.66|2025-03-27:117.66|2025-04-24:117.66|2025-05-22:117.66|2025-06-19:117.66|2025-07-17:117.66|2025-08-14:117.66|2025-09-11:117.66|2025-10-09:117.66|2025-11-06:117.66|2025-12-04:117.66|2026-01-01:117.66|2026-01-29:117.66|2026-02-26:117.66|2026-03-26:117.66,,none,"Cannot pay in full, but can afford 117.66 installments."
request_68,1974.6166666666663,affordable_with_plan,installments,2025-02-14:725.09|2025-03-14:725.09|2025-04-11:725.09,,none,"Cannot pay in full, but can afford 725.09 installments."
request_69,564.0096666666668,affordable_now,full_payment,2026-01-04:529.1,2026-01-04,none,User has enough safe buffer to pay 529.1 in full today.
request_70,3754.6833333333198,not_affordable,not_recommended,none,,none,"Safe to pay 3754.6833333333198 today, but request is 243900.0."
request_71,1561753.8249999974,not_affordable,not_recommended,none,,none,"Safe to pay 1561753.8249999974 today, but request is 21451000.0."
request_72,15960.536666666667,affordable_now,full_payment,2026-07-05:11330.0,2026-07-05,none,User has enough safe buffer to pay 11330.0 in full today.
request_73,175342.5,affordable_now,full_payment,2023-01-20:71400.0,2023-01-20,none,User has enough safe buffer to pay 71400.0 in full today.
request_74,48156.899999999994,affordable_now,full_payment,2025-08-04:5010.0,2025-08-04,none,User has enough safe buffer to pay 5010.0 in full today.
request_75,106867.87,affordable_now,full_payment,2026-04-06:28270.0,2026-04-06,none,User has enough safe buffer to pay 28270.0 in full today.
request_76,440.65333333333365,affordable_with_plan,installments,2024-06-17:250.36|2024-07-15:250.36|2024-08-12:250.36|2024-09-09:250.36|2024-10-07:250.36|2024-11-04:250.36|2024-12-02:250.36|2024-12-30:250.36|2025-01-27:250.36|2025-02-24:250.36|2025-03-24:250.36|2025-04-21:250.36|2025-05-19:250.36|2025-06-16:250.36|2025-07-14:250.36|2025-08-11:250.36|2025-09-08:250.36|2025-10-06:250.36|2025-11-03:250.36|2025-12-01:250.36|2025-12-29:250.36,,none,"Cannot pay in full, but can afford 250.36 installments."
request_77,95384.11499999999,affordable_now,full_payment,2025-11-05:60700.0,2025-11-05,none,User has enough safe buffer to pay 60700.0 in full today.
request_78,101476.0,affordable_now,full_payment,2025-10-02:50200.0,2025-10-02,none,User has enough safe buffer to pay 50200.0 in full today.
request_79,1104.08,affordable_with_plan,installments,2024-09-11:120.9|2024-10-09:120.9|2024-11-06:120.9|2024-12-04:120.9|2025-01-01:120.9|2025-01-29:120.9|2025-02-26:120.9|2025-03-26:120.9|2025-04-23:120.9|2025-05-21:120.9|2025-06-18:120.9|2025-07-16:120.9|2025-08-13:120.9|2025-09-10:120.9|2025-10-08:120.9|2025-11-05:120.9|2025-12-03:120.9|2025-12-31:120.9|2026-01-28:120.9|2026-02-25:120.9|2026-03-25:120.9,,none,"Cannot pay in full, but can afford 120.9 installments."
request_80,124400.66333333332,affordable_with_plan,installments,2025-02-20:15950.0|2025-03-22:15950.0|2025-04-21:15950.0|2025-05-21:15950.0|2025-06-20:15950.0|2025-07-20:15950.0|2025-08-19:15950.0|2025-09-18:15950.0|2025-10-18:15950.0|2025-11-17:15950.0|2025-12-17:15950.0|2026-01-16:15950.0|2026-02-15:15950.0|2026-03-17:15950.0|2026-04-16:15950.0,,none,"Cannot pay in full, but can afford 15950.0 installments."
request_81,3428.25,affordable_now,full_payment,2026-07-03:2076.0,2026-07-03,none,User has enough safe buffer to pay 2076.0 in full today.
request_82,224.29833333333318,affordable_with_plan,installments,2024-12-08:78.96|2025-01-05:78.96|2025-02-02:78.96|2025-03-02:78.96|2025-03-30:78.96|2025-04-27:78.96|2025-05-25:78.96|2025-06-22:78.96|2025-07-20:78.96|2025-08-17:78.96|2025-09-14:78.96|2025-10-12:78.96|2025-11-09:78.96|2025-12-07:78.96|2026-01-04:78.96|2026-02-01:78.96|2026-03-01:78.96|2026-03-29:78.96|2026-04-26:78.96|2026-05-24:78.96|2026-06-21:78.96,,none,"Cannot pay in full, but can afford 78.96 installments."
request_83,3057.7349999999933,not_affordable,not_recommended,none,,none,"Safe to pay 3057.7349999999933 today, but request is 156200.0."
request_84,9739.200833333358,affordable_with_plan,installments,2026-04-18:6042.0|2026-05-19:6042.0|2026-06-19:6042.0|2026-07-20:6042.0|2026-08-20:6042.0|2026-09-20:6042.0|2026-10-21:6042.0|2026-11-21:6042.0|2026-12-22:6042.0|2027-01-22:6042.0|2027-02-22:6042.0|2027-03-25:6042.0|2027-04-25:6042.0|2027-05-26:6042.0|2027-06-26:6042.0|2027-07-27:6042.0|2027-08-27:6042.0|2027-09-27:6042.0,,none,"Cannot pay in full, but can afford 6042.0 installments."
request_85,0.0,not_affordable,not_recommended,none,,none,"Safe to pay 0.0 today, but request is 19304000.0."
request_86,143739.5,affordable_now,full_payment,2025-08-03:46300.0,2025-08-03,none,User has enough safe buffer to pay 46300.0 in full today.
request_87,0.0,not_affordable,not_recommended,none,,none,"Safe to pay 0.0 today, but request is 487900.0."
request_88,1413.149999999996,not_affordable,not_recommended,none,,none,"Safe to pay 1413.149999999996 today, but request is 26092.0."
request_89,14797162.010000002,affordable_now,full_payment,2025-11-04:13756000.0,2025-11-04,none,User has enough safe buffer to pay 13756000.0 in full today.
request_90,24029.5,affordable_now,full_payment,2026-07-06:2560.0,2026-07-06,none,User has enough safe buffer to pay 2560.0 in full today.
request_91,1531.1975000000007,affordable_with_plan,installments,2024-09-10:108.29|2024-10-08:108.29|2024-11-05:108.29|2024-12-03:108.29|2024-12-31:108.29|2025-01-28:108.29|2025-02-25:108.29|2025-03-25:108.29|2025-04-22:108.29|2025-05-20:108.29|2025-06-17:108.29|2025-07-15:108.29|2025-08-12:108.29|2025-09-09:108.29|2025-10-07:108.29|2025-11-04:108.29|2025-12-02:108.29|2025-12-30:108.29|2026-01-27:108.29|2026-02-24:108.29|2026-03-24:108.29,,none,"Cannot pay in full, but can afford 108.29 installments."
request_92,50564.47,affordable_now,full_payment,2025-02-05:34034.0,2025-02-05,none,User has enough safe buffer to pay 34034.0 in full today.
request_93,1999.133333333334,affordable_now,full_payment,2026-04-07:1729.2,2026-04-07,none,User has enough safe buffer to pay 1729.2 in full today.
request_94,2063.6,affordable_now,full_payment,2024-12-04:572.0,2024-12-04,none,User has enough safe buffer to pay 572.0 in full today.
request_95,32765.753333333356,not_affordable,not_recommended,none,,none,"Safe to pay 32765.753333333356 today, but request is 553000.0."
request_96,105135.48999999999,affordable_now,full_payment,2026-01-03:90200.0,2026-01-03,none,User has enough safe buffer to pay 90200.0 in full today.
request_97,7324.853333333329,affordable_with_plan,installments,2024-03-05:1320.25|2024-04-02:1320.25|2024-04-30:1320.25|2024-05-28:1320.25|2024-06-25:1320.25|2024-07-23:1320.25|2024-08-20:1320.25|2024-09-17:1320.25|2024-10-15:1320.25|2024-11-12:1320.25|2024-12-10:1320.25|2025-01-07:1320.25|2025-02-04:1320.25|2025-03-04:1320.25|2025-04-01:1320.25|2025-04-29:1320.25|2025-05-27:1320.25|2025-06-24:1320.25|2025-07-22:1320.25|2025-08-19:1320.25|2025-09-16:1320.25,,none,"Cannot pay in full, but can afford 1320.25 installments."
request_98,0.0,not_affordable,not_recommended,none,,none,"Safe to pay 0.0 today, but request is 27148.0."
request_99,37606.58,affordable_now,full_payment,2026-07-04:18062.0,2026-07-04,none,User has enough safe buffer to pay 18062.0 in full today.
request_100,35863.53,affordable_with_plan,installments,2024-06-13:12866.19|2024-07-14:12866.19|2024-08-14:12866.19,,none,"Cannot pay in full, but can afford 12866.19 installments."
request_101,278468.5,affordable_now,full_payment,2025-11-03:143500.0,2025-11-03,none,User has enough safe buffer to pay 143500.0 in full today.
request_102,3743.74,affordable_now,full_payment,2026-04-05:1716.0,2026-04-05,none,User has enough safe buffer to pay 1716.0 in full today.
request_103,0.0,not_affordable,not_recommended,none,,none,"Safe to pay 0.0 today, but request is 368300.0."
request_104,39321.7,affordable_now,full_payment,2025-02-04:17204.0,2025-02-04,none,User has enough safe buffer to pay 17204.0 in full today.
request_105,29806.515833333273,affordable_with_plan,installments,2026-06-08:3388.33|2026-07-09:3388.33|2026-08-09:3388.33|2026-09-09:3388.33|2026-10-10:3388.33|2026-11-10:3388.33|2026-12-11:3388.33|2027-01-11:3388.33|2027-02-11:3388.33|2027-03-14:3388.33|2027-04-14:3388.33|2027-05-15:3388.33|2027-06-15:3388.33|2027-07-16:3388.33|2027-08-16:3388.33|2027-09-16:3388.33|2027-10-17:3388.33|2027-11-17:3388.33,,none,"Cannot pay in full, but can afford 3388.33 installments."
request_106,1253.1066666666661,affordable_with_plan,installments,2024-12-06:124.05|2025-01-03:124.05|2025-01-31:124.05|2025-02-28:124.05|2025-03-28:124.05|2025-04-25:124.05|2025-05-23:124.05|2025-06-20:124.05|2025-07-18:124.05|2025-08-15:124.05|2025-09-12:124.05|2025-10-10:124.05|2025-11-07:124.05|2025-12-05:124.05|2026-01-02:124.05|2026-01-30:124.05|2026-02-27:124.05|2026-03-27:124.05|2026-04-24:124.05|2026-05-22:124.05|2026-06-19:124.05,,none,"Cannot pay in full, but can afford 124.05 installments."
request_107,3454.5200000000004,affordable_now,full_payment,2025-05-05:2534.4,2025-05-05,none,User has enough safe buffer to pay 2534.4 in full today.
request_108,0.0,not_affordable,not_recommended,none,,none,"Safe to pay 0.0 today, but request is 55308.0."
request_109,1276.46,affordable_with_plan,installments,2024-03-18:645.98|2024-04-18:645.98|2024-05-19:645.98,,none,"Cannot pay in full, but can afford 645.98 installments."
request_110,50029.53,affordable_now,full_payment,2025-08-06:22352.0,2025-08-06,none,User has enough safe buffer to pay 22352.0 in full today.
request_111,62182060.0,affordable_now,full_payment,2026-04-03:16625000.0,2026-04-03,none,User has enough safe buffer to pay 16625000.0 in full today.
request_112,347.7233333333335,affordable_now,full_payment,2024-06-05:271.7,2024-06-05,none,User has enough safe buffer to pay 271.7 in full today.
request_113,3270.325833333329,affordable_with_plan,installments,2026-09-04:2518.5|2026-10-04:2518.5|2026-11-03:2518.5|2026-12-03:2518.5|2027-01-02:2518.5|2027-02-01:2518.5|2027-03-03:2518.5|2027-04-02:2518.5|2027-05-02:2518.5|2027-06-01:2518.5|2027-07-01:2518.5|2027-07-31:2518.5|2027-08-30:2518.5|2027-09-29:2518.5|2027-10-29:2518.5,,none,"Cannot pay in full, but can afford 2518.5 installments."
request_114,64316.591666666645,affordable_with_plan,installments,2026-01-07:4135.67|2026-02-07:4135.67|2026-03-10:4135.67|2026-04-10:4135.67|2026-05-11:4135.67|2026-06-11:4135.67|2026-07-12:4135.67|2026-08-12:4135.67|2026-09-12:4135.67|2026-10-13:4135.67|2026-11-13:4135.67|2026-12-14:4135.67|2027-01-14:4135.67|2027-02-14:4135.67|2027-03-17:4135.67|2027-04-17:4135.67|2027-05-18:4135.67|2027-06-18:4135.67,,none,"Cannot pay in full, but can afford 4135.67 installments."
request_115,13577.81000000002,affordable_with_plan,installments,2024-09-13:4523.33|2024-10-11:4523.33|2024-11-08:4523.33|2024-12-06:4523.33|2025-01-03:4523.33|2025-01-31:4523.33|2025-02-28:4523.33|2025-03-28:4523.33|2025-04-25:4523.33|2025-05-23:4523.33|2025-06-20:4523.33|2025-07-18:4523.33|2025-08-15:4523.33|2025-09-12:4523.33|2025-10-10:4523.33|2025-11-07:4523.33|2025-12-05:4523.33|2026-01-02:4523.33|2026-01-30:4523.33|2026-02-27:4523.33|2026-03-27:4523.33,,none,"Cannot pay in full, but can afford 4523.33 installments."
request_116,58075.0,affordable_with_plan,installments,2025-02-17:17688.0|2025-03-19:17688.0|2025-04-18:17688.0|2025-05-18:17688.0|2025-06-17:17688.0|2025-07-17:17688.0|2025-08-16:17688.0|2025-09-15:17688.0|2025-10-15:17688.0|2025-11-14:17688.0|2025-12-14:17688.0|2026-01-13:17688.0|2026-02-12:17688.0|2026-03-14:17688.0|2026-04-13:17688.0,,none,"Cannot pay in full, but can afford 17688.0 installments."
request_117,1164.1999999999998,affordable_now,full_payment,2026-07-05:880.0,2026-07-05,none,User has enough safe buffer to pay 880.0 in full today.
request_118,938.51,affordable_now,full_payment,2024-12-07:738.1,2024-12-07,none,User has enough safe buffer to pay 738.1 in full today.
request_119,115160.8316666667,affordable_with_plan,installments,2025-05-18:70546.67|2025-06-15:70546.67|2025-07-13:70546.67,,none,"Cannot pay in full, but can afford 70546.67 installments."
request_120,2377826.959999999,affordable_with_plan,installments,2026-04-20:488553.33|2026-05-21:488553.33|2026-06-21:488553.33|2026-07-22:488553.33|2026-08-22:488553.33|2026-09-22:488553.33|2026-10-23:488553.33|2026-11-23:488553.33|2026-12-24:488553.33|2027-01-24:488553.33|2027-02-24:488553.33|2027-03-27:488553.33|2027-04-27:488553.33|2027-05-28:488553.33|2027-06-28:488553.33|2027-07-29:488553.33|2027-08-29:488553.33|2027-09-29:488553.33,,none,"Cannot pay in full, but can afford 488553.33 installments."
request_121,941.0,affordable_now,full_payment,2024-03-03:633.6,2024-03-03,none,User has enough safe buffer to pay 633.6 in full today.
request_122,44238744.99,affordable_now,full_payment,2025-08-05:20558000.0,2025-08-05,none,User has enough safe buffer to pay 20558000.0 in full today.
request_123,45615200.0,affordable_now,full_payment,2026-01-07:4076000.0,2026-01-07,none,User has enough safe buffer to pay 4076000.0 in full today.
request_124,2109.56,affordable_with_plan,installments,2024-06-11:1076.12|2024-07-12:1076.12|2024-08-12:1076.12,,none,"Cannot pay in full, but can afford 1076.12 installments."
request_125,5545.233095238094,affordable_with_plan,installments,2025-11-06:474.32|2025-12-06:474.32|2026-01-05:474.32|2026-02-04:474.32|2026-03-06:474.32|2026-04-05:474.32|2026-05-05:474.32|2026-06-04:474.32|2026-07-04:474.32|2026-08-03:474.32|2026-09-02:474.32|2026-10-02:474.32|2026-11-01:474.32|2026-12-01:474.32|2026-12-31:474.32,,none,"Cannot pay in full, but can afford 474.32 installments."
request_126,273475.0,affordable_now,full_payment,2026-07-03:159600.0,2026-07-03,none,User has enough safe buffer to pay 159600.0 in full today.
request_127,0.0,not_affordable,not_recommended,none,,none,"Safe to pay 0.0 today, but request is 23980.0."
request_128,36127.14333333333,affordable_now,full_payment,2025-02-07:25168.0,2025-02-07,none,User has enough safe buffer to pay 25168.0 in full today.
request_129,0.0,not_affordable,not_recommended,none,,none,"Safe to pay 0.0 today, but request is 2668.8."
request_130,0.0,not_affordable,not_recommended,none,,none,"Safe to pay 0.0 today, but request is 1978.8."
request_131,2287.16,affordable_now,full_payment,2025-05-03:1855.2,2025-05-03,none,User has enough safe buffer to pay 1855.2 in full today.
request_132,0.0,not_affordable,not_recommended,none,,none,"Safe to pay 0.0 today, but request is 379.86."
request_133,26838450.0,affordable_now,full_payment,2024-03-07:15770000.0,2024-03-07,none,User has enough safe buffer to pay 15770000.0 in full today.
request_134,12118200.0,affordable_with_plan,installments,2025-08-07:1600940.0|2025-09-06:1600940.0|2025-10-06:1600940.0|2025-11-05:1600940.0|2025-12-05:1600940.0|2026-01-04:1600940.0|2026-02-03:1600940.0|2026-03-05:1600940.0|2026-04-04:1600940.0|2026-05-04:1600940.0|2026-06-03:1600940.0|2026-07-03:1600940.0|2026-08-02:1600940.0|2026-09-01:1600940.0|2026-10-01:1600940.0,,none,"Cannot pay in full, but can afford 1600940.0 installments."
request_135,387.2533333333333,affordable_now,full_payment,2026-07-06:304.8,2026-07-06,none,User has enough safe buffer to pay 304.8 in full today.
request_136,1191.6799999999998,affordable_now,full_payment,2024-06-03:560.4,2024-06-03,none,User has enough safe buffer to pay 560.4 in full today.
request_137,3159.295833333337,not_affordable,not_recommended,none,,none,"Safe to pay 3159.295833333337 today, but request is 80100.0."
request_138,79.71666666666601,not_affordable,not_recommended,none,,none,"Safe to pay 79.71666666666601 today, but request is 1256.94."
request_139,2267.84,affordable_with_plan,installments,2024-09-07:802.88|2024-10-08:802.88|2024-11-08:802.88,,none,"Cannot pay in full, but can afford 802.88 installments."
request_140,0.0,not_affordable,not_recommended,none,,none,"Safe to pay 0.0 today, but request is 62832.0."
request_141,4240.639999999985,not_affordable,not_recommended,none,,none,"Safe to pay 4240.639999999985 today, but request is 171600.0."
request_142,4293.85,affordable_now,full_payment,2024-12-05:1263.6,2024-12-05,none,User has enough safe buffer to pay 1263.6 in full today.
request_143,1780.6658333333307,affordable_with_plan,installments,2025-05-14:922.83|2025-06-13:922.83|2025-07-13:922.83|2025-08-12:922.83|2025-09-11:922.83|2025-10-11:922.83|2025-11-10:922.83|2025-12-10:922.83|2026-01-09:922.83|2026-02-08:922.83|2026-03-10:922.83|2026-04-09:922.83|2026-05-09:922.83|2026-06-08:922.83|2026-07-08:922.83,,none,"Cannot pay in full, but can afford 922.83 installments."
request_144,274.15499999999986,affordable_now,full_payment,2026-07-04:233.34,2026-07-04,none,User has enough safe buffer to pay 233.34 in full today.
request_145,0.0,not_affordable,not_recommended,none,,none,"Safe to pay 0.0 today, but request is 217400.0."
request_146,70360.96666666667,affordable_with_plan,installments,2025-08-06:32956.0|2025-09-05:32956.0|2025-10-05:32956.0|2025-11-04:32956.0|2025-12-04:32956.0|2026-01-03:32956.0|2026-02-02:32956.0|2026-03-04:32956.0|2026-04-03:32956.0|2026-05-03:32956.0|2026-06-02:32956.0|2026-07-02:32956.0|2026-08-01:32956.0|2026-08-31:32956.0|2026-09-30:32956.0,,none,"Cannot pay in full, but can afford 32956.0 installments."
request_147,200.65666666666698,affordable_with_plan,installments,2026-04-12:71.55|2026-05-13:71.55|2026-06-13:71.55|2026-07-14:71.55|2026-08-14:71.55|2026-09-14:71.55|2026-10-15:71.55|2026-11-15:71.55|2026-12-16:71.55|2027-01-16:71.55|2027-02-16:71.55|2027-03-19:71.55|2027-04-19:71.55|2027-05-20:71.55|2027-06-20:71.55|2027-07-21:71.55|2027-08-21:71.55|2027-09-21:71.55,,none,"Cannot pay in full, but can afford 71.55 installments."
request_148,0.0,not_affordable,not_recommended,none,,none,"Safe to pay 0.0 today, but request is 22242.0."
request_149,42258.380000000005,affordable_now,full_payment,2025-11-04:36652.0,2025-11-04,none,User has enough safe buffer to pay 36652.0 in full today.
request_150,7.592500000000086,not_affordable,not_recommended,none,,none,"Safe to pay 7.592500000000086 today, but request is 496.1."
request_151,52364665.0,affordable_now,full_payment,2024-09-03:26999000.0,2024-09-03,none,User has enough safe buffer to pay 26999000.0 in full today.
request_152,16468.77,affordable_now,full_payment,2025-02-05:13882.0,2025-02-05,none,User has enough safe buffer to pay 13882.0 in full today.
request_153,0.0,not_affordable,not_recommended,none,,none,"Safe to pay 0.0 today, but request is 2830.8."
request_154,3379.3999999999996,affordable_now,full_payment,2024-12-04:1625.8,2024-12-04,none,User has enough safe buffer to pay 1625.8 in full today.
request_155,161750.0,affordable_now,full_payment,2025-05-06:112500.0,2025-05-06,none,User has enough safe buffer to pay 112500.0 in full today.
request_156,2297.5716666666776,affordable_with_plan,installments,2026-04-06:2189.7|2026-05-06:2189.7|2026-06-05:2189.7|2026-07-05:2189.7|2026-08-04:2189.7|2026-09-03:2189.7|2026-10-03:2189.7|2026-11-02:2189.7|2026-12-02:2189.7|2027-01-01:2189.7|2027-01-31:2189.7|2027-03-02:2189.7|2027-04-01:2189.7|2027-05-01:2189.7|2027-05-31:2189.7|2027-06-30:2189.7|2027-07-30:2189.7|2027-08-29:2189.7|2027-09-28:2189.7|2027-10-28:2189.7|2027-11-27:2189.7|2027-12-27:2189.7|2028-01-26:2189.7|2028-02-25:2189.7,,none,"Cannot pay in full, but can afford 2189.7 installments."
request_157,0.0,not_affordable,not_recommended,none,,none,"Safe to pay 0.0 today, but request is 23503000.0."
request_158,614017.1,affordable_now,full_payment,2025-08-07:242600.0,2025-08-07,none,User has enough safe buffer to pay 242600.0 in full today.
request_159,31583.199999999997,affordable_now,full_payment,2026-01-04:13398.0,2026-01-04,none,User has enough safe buffer to pay 13398.0 in full today.
request_160,338.2216666666666,affordable_with_plan,installments,2024-06-20:70.03|2024-07-18:70.03|2024-08-15:70.03|2024-09-12:70.03|2024-10-10:70.03|2024-11-07:70.03|2024-12-05:70.03|2025-01-02:70.03|2025-01-30:70.03|2025-02-27:70.03|2025-03-27:70.03|2025-04-24:70.03|2025-05-22:70.03|2025-06-19:70.03|2025-07-17:70.03|2025-08-14:70.03|2025-09-11:70.03|2025-10-09:70.03|2025-11-06:70.03|2025-12-04:70.03|2026-01-01:70.03,,none,"Cannot pay in full, but can afford 70.03 installments."
request_161,2626384.848333329,affordable_with_plan,installments,2025-11-03:1554960.0|2025-12-03:1554960.0|2026-01-02:1554960.0|2026-02-01:1554960.0|2026-03-03:1554960.0|2026-04-02:1554960.0|2026-05-02:1554960.0|2026-06-01:1554960.0|2026-07-01:1554960.0|2026-07-31:1554960.0|2026-08-30:1554960.0|2026-09-29:1554960.0|2026-10-29:1554960.0|2026-11-28:1554960.0|2026-12-28:1554960.0,,none,"Cannot pay in full, but can afford 1554960.0 installments."
request_162,0.0,not_affordable,not_recommended,none,,none,"Safe to pay 0.0 today, but request is 83923000.0."
request_163,10640427.46899999,affordable_with_plan,installments,2024-09-10:6692053.33|2024-10-11:6692053.33|2024-11-11:6692053.33,,none,"Cannot pay in full, but can afford 6692053.33 installments."
request_164,45878669.2,affordable_now,full_payment,2025-02-04:27018000.0,2025-02-04,none,User has enough safe buffer to pay 27018000.0 in full today.
request_165,271705.0,affordable_now,full_payment,2026-04-06:80600.0,2026-04-06,none,User has enough safe buffer to pay 80600.0 in full today.
request_166,7301.950000000001,affordable_now,full_payment,2024-12-03:2907.6,2024-12-03,none,User has enough safe buffer to pay 2907.6 in full today.
request_167,73890.3,affordable_now,full_payment,2025-05-05:43802.0,2025-05-05,none,User has enough safe buffer to pay 43802.0 in full today.
request_168,0.0,not_affordable,not_recommended,none,,none,"Safe to pay 0.0 today, but request is 49380.0."
request_169,58844.5,affordable_now,full_payment,2024-03-04:41976.0,2024-03-04,none,User has enough safe buffer to pay 41976.0 in full today.
request_170,44731198.400000006,affordable_now,full_payment,2025-08-06:36936000.0,2025-08-06,none,User has enough safe buffer to pay 36936000.0 in full today.
request_171,121.43916666666655,affordable_with_plan,installments,2026-07-10:118.99|2026-08-10:118.99|2026-09-10:118.99|2026-10-11:118.99|2026-11-11:118.99|2026-12-12:118.99|2027-01-12:118.99|2027-02-12:118.99|2027-03-15:118.99|2027-04-15:118.99|2027-05-16:118.99|2027-06-16:118.99|2027-07-17:118.99|2027-08-17:118.99|2027-09-17:118.99|2027-10-18:118.99|2027-11-18:118.99|2027-12-19:118.99,,none,"Cannot pay in full, but can afford 118.99 installments."
request_172,14397.517500000016,affordable_now,full_payment,2024-06-05:10200.0,2024-06-05,none,User has enough safe buffer to pay 10200.0 in full today.
request_173,35688.161666666645,affordable_with_plan,installments,2025-11-07:8286.67|2025-12-07:8286.67|2026-01-06:8286.67|2026-02-05:8286.67|2026-03-07:8286.67|2026-04-06:8286.67|2026-05-06:8286.67|2026-06-05:8286.67|2026-07-05:8286.67|2026-08-04:8286.67|2026-09-03:8286.67|2026-10-03:8286.67|2026-11-02:8286.67|2026-12-02:8286.67|2027-01-01:8286.67,,none,"Cannot pay in full, but can afford 8286.67 installments."
request_174,2566.04,affordable_now,full_payment,2026-04-04:1146.2,2026-04-04,none,User has enough safe buffer to pay 1146.2 in full today.
request_175,3060.25,affordable_now,full_payment,2024-09-06:2346.3,2024-09-06,none,User has enough safe buffer to pay 2346.3 in full today.
request_176,507.12249999999995,affordable_with_plan,installments,2025-02-17:90.91|2025-03-19:90.91|2025-04-18:90.91|2025-05-18:90.91|2025-06-17:90.91|2025-07-17:90.91|2025-08-16:90.91|2025-09-15:90.91|2025-10-15:90.91|2025-11-14:90.91|2025-12-14:90.91|2026-01-13:90.91|2026-02-12:90.91|2026-03-14:90.91|2026-04-13:90.91,,none,"Cannot pay in full, but can afford 90.91 installments."
request_177,1376.4689999999991,affordable_now,full_payment,2026-01-05:1017.6,2026-01-05,none,User has enough safe buffer to pay 1017.6 in full today.
request_178,6559.3,affordable_now,full_payment,2024-12-07:2938.1,2024-12-07,none,User has enough safe buffer to pay 2938.1 in full today.
request_179,27140658.93416666,affordable_with_plan,installments,2025-05-11:3054186.67|2025-06-10:3054186.67|2025-07-10:3054186.67|2025-08-09:3054186.67|2025-09-08:3054186.67|2025-10-08:3054186.67|2025-11-07:3054186.67|2025-12-07:3054186.67|2026-01-06:3054186.67|2026-02-05:3054186.67|2026-03-07:3054186.67|2026-04-06:3054186.67|2026-05-06:3054186.67|2026-06-05:3054186.67|2026-07-05:3054186.67,,none,"Cannot pay in full, but can afford 3054186.67 installments."
request_180,97680.0,affordable_now,full_payment,2026-07-06:66500.0,2026-07-06,none,User has enough safe buffer to pay 66500.0 in full today.
request_181,1362.0,affordable_with_plan,installments,2024-03-03:284.28|2024-03-31:284.28|2024-04-28:284.28|2024-05-26:284.28|2024-06-23:284.28|2024-07-21:284.28|2024-08-18:284.28|2024-09-15:284.28|2024-10-13:284.28|2024-11-10:284.28|2024-12-08:284.28|2025-01-05:284.28|2025-02-02:284.28|2025-03-02:284.28|2025-03-30:284.28|2025-04-27:284.28|2025-05-25:284.28|2025-06-22:284.28|2025-07-20:284.28|2025-08-17:284.28|2025-09-14:284.28,,none,"Cannot pay in full, but can afford 284.28 installments."
request_182,93910.3,affordable_now,full_payment,2025-08-05:65714.0,2025-08-05,none,User has enough safe buffer to pay 65714.0 in full today.
request_183,30277923.740000002,affordable_now,full_payment,2026-04-07:26866000.0,2026-04-07,none,User has enough safe buffer to pay 26866000.0 in full today.
request_184,0.0,not_affordable,not_recommended,none,,none,"Safe to pay 0.0 today, but request is 251900.0."
request_185,0.0,not_affordable,not_recommended,none,,none,"Safe to pay 0.0 today, but request is 1257.3."
request_186,15509.344333333353,affordable_with_plan,installments,2026-01-06:1681.75|2026-02-06:1681.75|2026-03-09:1681.75|2026-04-09:1681.75|2026-05-10:1681.75|2026-06-10:1681.75|2026-07-11:1681.75|2026-08-11:1681.75|2026-09-11:1681.75|2026-10-12:1681.75|2026-11-12:1681.75|2026-12-13:1681.75|2027-01-13:1681.75|2027-02-13:1681.75|2027-03-16:1681.75|2027-04-16:1681.75|2027-05-17:1681.75|2027-06-17:1681.75,,none,"Cannot pay in full, but can afford 1681.75 installments."
request_187,48.35999999997148,not_affordable,not_recommended,none,,none,"Safe to pay 48.35999999997148 today, but request is 187500.0."
request_188,0.0,not_affordable,not_recommended,none,,none,"Safe to pay 0.0 today, but request is 2464.0."
request_189,747.6600000000001,affordable_now,full_payment,2026-07-04:488.4,2026-07-04,none,User has enough safe buffer to pay 488.4 in full today.
request_190,1555.8000000000002,affordable_with_plan,installments,2024-12-09:143.71|2025-01-06:143.71|2025-02-03:143.71|2025-03-03:143.71|2025-03-31:143.71|2025-04-28:143.71|2025-05-26:143.71|2025-06-23:143.71|2025-07-21:143.71|2025-08-18:143.71|2025-09-15:143.71|2025-10-13:143.71|2025-11-10:143.71|2025-12-08:143.71|2026-01-05:143.71|2026-02-02:143.71|2026-03-02:143.71|2026-03-30:143.71|2026-04-27:143.71|2026-05-25:143.71|2026-06-22:143.71,,none,"Cannot pay in full, but can afford 143.71 installments."
request_191,1091.06,affordable_now,full_payment,2025-05-03:664.4,2025-05-03,none,User has enough safe buffer to pay 664.4 in full today.
request_192,384.79999999999995,affordable_with_plan,installments,2026-04-19:129.58|2026-05-20:129.58|2026-06-20:129.58|2026-07-21:129.58|2026-08-21:129.58|2026-09-21:129.58|2026-10-22:129.58|2026-11-22:129.58|2026-12-23:129.58|2027-01-23:129.58|2027-02-23:129.58|2027-03-26:129.58|2027-04-26:129.58|2027-05-27:129.58|2027-06-27:129.58|2027-07-28:129.58|2027-08-28:129.58|2027-09-28:129.58,,none,"Cannot pay in full, but can afford 129.58 installments."
request_193,0.0,not_affordable,not_recommended,none,,none,"Safe to pay 0.0 today, but request is 1212.2."
request_194,40444.00333333331,affordable_with_plan,installments,2025-08-07:9738.67|2025-09-06:9738.67|2025-10-06:9738.67|2025-11-05:9738.67|2025-12-05:9738.67|2026-01-04:9738.67|2026-02-03:9738.67|2026-03-05:9738.67|2026-04-04:9738.67|2026-05-04:9738.67|2026-06-03:9738.67|2026-07-03:9738.67|2026-08-02:9738.67|2026-09-01:9738.67|2026-10-01:9738.67,,none,"Cannot pay in full, but can afford 9738.67 installments."
request_195,1311.18,affordable_now,full_payment,2026-01-06:1170.4,2026-01-06,none,User has enough safe buffer to pay 1170.4 in full today.
request_196,1075.65,affordable_now,full_payment,2024-06-03:762.3,2024-06-03,none,User has enough safe buffer to pay 762.3 in full today.
request_197,69835318.26,affordable_now,full_payment,2025-11-05:50939000.0,2025-11-05,none,User has enough safe buffer to pay 50939000.0 in full today.
request_198,270890.0,affordable_now,full_payment,2026-07-07:185800.0,2026-07-07,none,User has enough safe buffer to pay 185800.0 in full today.
request_199,111332318.94,affordable_now,full_payment,2024-09-04:23674000.0,2024-09-04,none,User has enough safe buffer to pay 23674000.0 in full today.
request_200,33771550.0,affordable_now,full_payment,2025-02-06:21717000.0,2025-02-06,none,User has enough safe buffer to pay 21717000.0 in full today.
request_201,60668900.0,affordable_now,full_payment,2026-04-03:23997000.0,2026-04-03,none,User has enough safe buffer to pay 23997000.0 in full today.
request_202,218265.0,affordable_now,full_payment,2024-12-05:123900.0,2024-12-05,none,User has enough safe buffer to pay 123900.0 in full today.
request_203,6927.379999999999,affordable_now,full_payment,2025-05-07:1442.1,2025-05-07,none,User has enough safe buffer to pay 1442.1 in full today.
request_204,357.3775000000003,affordable_with_plan,installments,2026-01-18:33.86|2026-02-18:33.86|2026-03-21:33.86|2026-04-21:33.86|2026-05-22:33.86|2026-06-22:33.86|2026-07-23:33.86|2026-08-23:33.86|2026-09-23:33.86|2026-10-24:33.86|2026-11-24:33.86|2026-12-25:33.86|2027-01-25:33.86|2027-02-25:33.86|2027-03-28:33.86|2027-04-28:33.86|2027-05-29:33.86|2027-06-29:33.86,,none,"Cannot pay in full, but can afford 33.86 installments."
request_205,17468600.0,affordable_now,full_payment,2024-03-06:10621000.0,2024-03-06,none,User has enough safe buffer to pay 10621000.0 in full today.
request_206,4331.14,affordable_now,full_payment,2025-08-03:1404.7,2025-08-03,none,User has enough safe buffer to pay 1404.7 in full today.
request_207,13129.599999999999,affordable_now,full_payment,2026-07-05:11830.0,2026-07-05,none,User has enough safe buffer to pay 11830.0 in full today.
request_208,0.0,not_affordable,not_recommended,none,,none,"Safe to pay 0.0 today, but request is 4413000.0."
request_209,8625.099999999999,affordable_with_plan,installments,2025-11-04:4173.69|2025-12-04:4173.69|2026-01-03:4173.69|2026-02-02:4173.69|2026-03-04:4173.69|2026-04-03:4173.69|2026-05-03:4173.69|2026-06-02:4173.69|2026-07-02:4173.69|2026-08-01:4173.69|2026-08-31:4173.69|2026-09-30:4173.69|2026-10-30:4173.69|2026-11-29:4173.69|2026-12-29:4173.69,,none,"Cannot pay in full, but can afford 4173.69 installments."
request_210,287.32499999999936,not_affordable,not_recommended,none,,none,"Safe to pay 287.32499999999936 today, but request is 1360.02."
request_211,1227.8899999999999,affordable_with_plan,installments,2024-09-10:100.5|2024-10-08:100.5|2024-11-05:100.5|2024-12-03:100.5|2024-12-31:100.5|2025-01-28:100.5|2025-02-25:100.5|2025-03-25:100.5|2025-04-22:100.5|2025-05-20:100.5|2025-06-17:100.5|2025-07-15:100.5|2025-08-12:100.5|2025-09-09:100.5|2025-10-07:100.5|2025-11-04:100.5|2025-12-02:100.5|2025-12-30:100.5|2026-01-27:100.5|2026-02-24:100.5|2026-03-24:100.5,,none,"Cannot pay in full, but can afford 100.5 installments."
request_212,8454655.369999994,affordable_with_plan,installments,2025-02-19:5275160.0|2025-03-21:5275160.0|2025-04-20:5275160.0|2025-05-20:5275160.0|2025-06-19:5275160.0|2025-07-19:5275160.0|2025-08-18:5275160.0|2025-09-17:5275160.0|2025-10-17:5275160.0|2025-11-16:5275160.0|2025-12-16:5275160.0|2026-01-15:5275160.0|2026-02-14:5275160.0|2026-03-16:5275160.0|2026-04-15:5275160.0,,none,"Cannot pay in full, but can afford 5275160.0 installments."
request_213,9951.94,affordable_now,full_payment,2026-01-07:3362.4,2026-01-07,none,User has enough safe buffer to pay 3362.4 in full today.
request_214,0.0,not_affordable,not_recommended,none,,none,"Safe to pay 0.0 today, but request is 69750.0."
request_215,78251.16,affordable_now,full_payment,2025-05-06:29986.0,2025-05-06,none,User has enough safe buffer to pay 29986.0 in full today.
request_216,672.8391666666676,affordable_with_plan,installments,2026-07-17:211.05|2026-08-17:211.05|2026-09-17:211.05|2026-10-18:211.05|2026-11-18:211.05|2026-12-19:211.05|2027-01-19:211.05|2027-02-19:211.05|2027-03-22:211.05|2027-04-22:211.05|2027-05-23:211.05|2027-06-23:211.05|2027-07-24:211.05|2027-08-24:211.05|2027-09-24:211.05|2027-10-25:211.05|2027-11-25:211.05|2027-12-26:211.05,,none,"Cannot pay in full, but can afford 211.05 installments."
request_217,31601.97,affordable_with_plan,installments,2024-03-19:12889.07|2024-04-19:12889.07|2024-05-20:12889.07,,none,"Cannot pay in full, but can afford 12889.07 installments."
request_218,37942414.8,affordable_with_plan,installments,2025-08-07:21195893.33|2025-09-04:21195893.33|2025-10-02:21195893.33,,none,"Cannot pay in full, but can afford 21195893.33 installments."
request_219,1543.7800000000002,affordable_with_plan,installments,2026-04-07:580.01|2026-05-07:580.01|2026-06-06:580.01,,none,"Cannot pay in full, but can afford 580.01 installments."
request_220,0.0,not_affordable,not_recommended,none,,none,"Safe to pay 0.0 today, but request is 3118.5."
request_221,186805.0,affordable_now,full_payment,2025-11-03:109800.0,2025-11-03,none,User has enough safe buffer to pay 109800.0 in full today.
request_222,90801.7,affordable_now,full_payment,2026-01-05:34078.0,2026-01-05,none,User has enough safe buffer to pay 34078.0 in full today.
request_223,1455.5100000000002,affordable_now,full_payment,2024-09-07:898.7,2024-09-07,none,User has enough safe buffer to pay 898.7 in full today.
request_224,11263396.059999991,affordable_now,full_payment,2025-02-04:10327000.0,2025-02-04,none,User has enough safe buffer to pay 10327000.0 in full today.
request_225,8434683.819500007,affordable_with_plan,installments,2026-07-20:7647120.0|2026-08-19:7647120.0|2026-09-18:7647120.0,,none,"Cannot pay in full, but can afford 7647120.0 installments."
request_226,371780.0,affordable_now,full_payment,2024-12-03:157000.0,2024-12-03,none,User has enough safe buffer to pay 157000.0 in full today.
request_227,9208.055000000022,not_affordable,not_recommended,none,,none,"Safe to pay 9208.055000000022 today, but request is 259700.0."
request_228,0.0,not_affordable,not_recommended,none,,none,"Safe to pay 0.0 today, but request is 63327000.0."
request_229,344.7408333333335,affordable_with_plan,installments,2024-03-04:85.79|2024-04-01:85.79|2024-04-29:85.79|2024-05-27:85.79|2024-06-24:85.79|2024-07-22:85.79|2024-08-19:85.79|2024-09-16:85.79|2024-10-14:85.79|2024-11-11:85.79|2024-12-09:85.79|2025-01-06:85.79|2025-02-03:85.79|2025-03-03:85.79|2025-03-31:85.79|2025-04-28:85.79|2025-05-26:85.79|2025-06-23:85.79|2025-07-21:85.79|2025-08-18:85.79|2025-09-15:85.79,,none,"Cannot pay in full, but can afford 85.79 installments."
request_230,6676.76,affordable_now,full_payment,2025-08-06:3537.6,2025-08-06,none,User has enough safe buffer to pay 3537.6 in full today.
request_231,60290.59,affordable_now,full_payment,2026-01-03:35706.0,2026-01-03,none,User has enough safe buffer to pay 35706.0 in full today.
request_232,115.81166666666718,affordable_with_plan,installments,2024-06-19:110.7|2024-07-17:110.7|2024-08-14:110.7|2024-09-11:110.7|2024-10-09:110.7|2024-11-06:110.7|2024-12-04:110.7|2025-01-01:110.7|2025-01-29:110.7|2025-02-26:110.7|2025-03-26:110.7|2025-04-23:110.7|2025-05-21:110.7|2025-06-18:110.7|2025-07-16:110.7|2025-08-13:110.7|2025-09-10:110.7|2025-10-08:110.7|2025-11-05:110.7|2025-12-03:110.7|2025-12-31:110.7,,none,"Cannot pay in full, but can afford 110.7 installments."
request_233,0.0,not_affordable,not_recommended,none,,none,"Safe to pay 0.0 today, but request is 6241000.0."
request_234,352.59999999999997,affordable_with_plan,installments,2026-07-07:76.84|2026-08-07:76.84|2026-09-07:76.84|2026-10-08:76.84|2026-11-08:76.84|2026-12-09:76.84|2027-01-09:76.84|2027-02-09:76.84|2027-03-12:76.84|2027-04-12:76.84|2027-05-13:76.84|2027-06-13:76.84|2027-07-14:76.84|2027-08-14:76.84|2027-09-14:76.84|2027-10-15:76.84|2027-11-15:76.84|2027-12-16:76.84,,none,"Cannot pay in full, but can afford 76.84 installments."
request_235,1386.2800000000002,affordable_now,full_payment,2024-09-06:967.2,2024-09-06,none,User has enough safe buffer to pay 967.2 in full today.
request_236,9127915.89,affordable_with_plan,installments,2025-02-17:3841420.0|2025-03-19:3841420.0|2025-04-18:3841420.0|2025-05-18:3841420.0|2025-06-17:3841420.0|2025-07-17:3841420.0|2025-08-16:3841420.0|2025-09-15:3841420.0|2025-10-15:3841420.0|2025-11-14:3841420.0|2025-12-14:3841420.0|2026-01-13:3841420.0|2026-02-12:3841420.0|2026-03-14:3841420.0|2026-04-13:3841420.0,,none,"Cannot pay in full, but can afford 3841420.0 installments."
request_237,78393050.0,affordable_now,full_payment,2026-04-05:23826000.0,2026-04-05,none,User has enough safe buffer to pay 23826000.0 in full today.
request_238,1182.07,affordable_now,full_payment,2024-12-07:663.6,2024-12-07,none,User has enough safe buffer to pay 663.6 in full today.
request_239,1388.9,affordable_now,full_payment,2025-05-04:642.0,2025-05-04,none,User has enough safe buffer to pay 642.0 in full today.
request_240,7685.998333333337,affordable_with_plan,installments,2026-01-20:6409.33|2026-02-20:6409.33|2026-03-23:6409.33|2026-04-23:6409.33|2026-05-24:6409.33|2026-06-24:6409.33|2026-07-25:6409.33|2026-08-25:6409.33|2026-09-25:6409.33|2026-10-26:6409.33|2026-11-26:6409.33|2026-12-27:6409.33|2027-01-27:6409.33|2027-02-27:6409.33|2027-03-30:6409.33|2027-04-30:6409.33|2027-05-31:6409.33|2027-07-01:6409.33,,none,"Cannot pay in full, but can afford 6409.33 installments."
request_241,70920322.14,affordable_now,full_payment,2024-03-03:21052000.0,2024-03-03,none,User has enough safe buffer to pay 21052000.0 in full today.
request_242,0.0,not_affordable,not_recommended,none,,none,"Safe to pay 0.0 today, but request is 1966.8."
request_243,27570.4,affordable_now,full_payment,2026-07-07:17468.0,2026-07-07,none,User has enough safe buffer to pay 17468.0 in full today.
request_244,80379.2,affordable_now,full_payment,2024-06-04:49918.0,2024-06-04,none,User has enough safe buffer to pay 49918.0 in full today.
request_245,0.0,not_affordable,not_recommended,none,,none,"Safe to pay 0.0 today, but request is 128500.0."
request_246,162392.06,affordable_now,full_payment,2026-04-03:64086.0,2026-04-03,none,User has enough safe buffer to pay 64086.0 in full today.
request_247,1519.1999999999998,affordable_now,full_payment,2024-09-05:1059.3,2024-09-05,none,User has enough safe buffer to pay 1059.3 in full today.
request_248,1475.1599999999999,affordable_with_plan,installments,2025-02-21:144.14|2025-03-23:144.14|2025-04-22:144.14|2025-05-22:144.14|2025-06-21:144.14|2025-07-21:144.14|2025-08-20:144.14|2025-09-19:144.14|2025-10-19:144.14|2025-11-18:144.14|2025-12-18:144.14|2026-01-17:144.14|2026-02-16:144.14|2026-03-18:144.14|2026-04-17:144.14,,none,"Cannot pay in full, but can afford 144.14 installments."
request_249,8.322999999999922,not_affordable,not_recommended,none,,none,"Safe to pay 8.322999999999922 today, but request is 643.2."
request_250,6442.766666666677,affordable_with_plan,installments,2024-12-20:6317.47|2025-01-20:6317.47|2025-02-20:6317.47|2025-03-23:6317.47|2025-04-23:6317.47|2025-05-24:6317.47|2025-06-24:6317.47|2025-07-25:6317.47|2025-08-25:6317.47|2025-09-25:6317.47|2025-10-26:6317.47|2025-11-26:6317.47|2025-12-27:6317.47|2026-01-27:6317.47|2026-02-27:6317.47|2026-03-30:6317.47|2026-04-30:6317.47|2026-05-31:6317.47|2026-07-01:6317.47|2026-08-01:6317.47|2026-09-01:6317.47|2026-10-02:6317.47|2026-11-02:6317.47|2026-12-03:6317.47,,none,"Cannot pay in full, but can afford 6317.47 installments."
request_251,3348.55,affordable_now,full_payment,2025-05-03:1513.6,2025-05-03,none,User has enough safe buffer to pay 1513.6 in full today.
request_252,4009474.498333333,affordable_with_plan,installments,2026-07-19:1778526.67|2026-08-19:1778526.67|2026-09-19:1778526.67|2026-10-20:1778526.67|2026-11-20:1778526.67|2026-12-21:1778526.67|2027-01-21:1778526.67|2027-02-21:1778526.67|2027-03-24:1778526.67|2027-04-24:1778526.67|2027-05-25:1778526.67|2027-06-25:1778526.67|2027-07-26:1778526.67|2027-08-26:1778526.67|2027-09-26:1778526.67|2027-10-27:1778526.67|2027-11-27:1778526.67|2027-12-28:1778526.67,,none,"Cannot pay in full, but can afford 1778526.67 installments."
request_253,1317.5883333333331,affordable_with_plan,installments,2024-03-21:984.6|2024-04-21:984.6|2024-05-22:984.6,,none,"Cannot pay in full, but can afford 984.6 installments."
request_254,1164.9433333333332,affordable_with_plan,installments,2025-08-07:259.25|2025-09-06:259.25|2025-10-06:259.25|2025-11-05:259.25|2025-12-05:259.25|2026-01-04:259.25|2026-02-03:259.25|2026-03-05:259.25|2026-04-04:259.25|2026-05-04:259.25|2026-06-03:259.25|2026-07-03:259.25|2026-08-02:259.25|2026-09-01:259.25|2026-10-01:259.25,,none,"Cannot pay in full, but can afford 259.25 installments."
request_255,28704250.0,affordable_now,full_payment,2026-04-06:3345000.0,2026-04-06,none,User has enough safe buffer to pay 3345000.0 in full today.
request_256,226383.28000000003,affordable_now,full_payment,2024-06-03:218700.0,2024-06-03,none,User has enough safe buffer to pay 218700.0 in full today.
request_257,1085.1999999999998,affordable_with_plan,installments,2025-11-05:99.18|2025-12-05:99.18|2026-01-04:99.18|2026-02-03:99.18|2026-03-05:99.18|2026-04-04:99.18|2026-05-04:99.18|2026-06-03:99.18|2026-07-03:99.18|2026-08-02:99.18|2026-09-01:99.18|2026-10-01:99.18|2026-10-31:99.18|2026-11-30:99.18|2026-12-30:99.18,,none,"Cannot pay in full, but can afford 99.18 installments."
request_258,2103.68,affordable_now,full_payment,2026-01-07:1113.6,2026-01-07,none,User has enough safe buffer to pay 1113.6 in full today.
request_259,608.8066666666663,affordable_with_plan,installments,2024-09-11:52.54|2024-10-09:52.54|2024-11-06:52.54|2024-12-04:52.54|2025-01-01:52.54|2025-01-29:52.54|2025-02-26:52.54|2025-03-26:52.54|2025-04-23:52.54|2025-05-21:52.54|2025-06-18:52.54|2025-07-16:52.54|2025-08-13:52.54|2025-09-10:52.54|2025-10-08:52.54|2025-11-05:52.54|2025-12-03:52.54|2025-12-31:52.54|2026-01-28:52.54|2026-02-25:52.54|2026-03-25:52.54,,none,"Cannot pay in full, but can afford 52.54 installments."
request_260,15059400.0,affordable_with_plan,installments,2025-02-20:3819126.67|2025-03-22:3819126.67|2025-04-21:3819126.67|2025-05-21:3819126.67|2025-06-20:3819126.67|2025-07-20:3819126.67|2025-08-19:3819126.67|2025-09-18:3819126.67|2025-10-18:3819126.67|2025-11-17:3819126.67|2025-12-17:3819126.67|2026-01-16:3819126.67|2026-02-15:3819126.67|2026-03-17:3819126.67|2026-04-16:3819126.67,,none,"Cannot pay in full, but can afford 3819126.67 installments."
request_261,3218.96,affordable_now,full_payment,2026-07-03:1830.4,2026-07-03,none,User has enough safe buffer to pay 1830.4 in full today.
request_262,57387600.0,affordable_now,full_payment,2024-12-05:9236000.0,2024-12-05,none,User has enough safe buffer to pay 9236000.0 in full today.
request_263,0.0,not_affordable,not_recommended,none,,none,"Safe to pay 0.0 today, but request is 51546.0."
request_264,2350.480000000003,not_affordable,not_recommended,none,,none,"Safe to pay 2350.480000000003 today, but request is 111300.0."
request_265,596405.0,affordable_now,full_payment,2024-03-06:45970.0,2024-03-06,none,User has enough safe buffer to pay 45970.0 in full today.
request_266,1454.92,affordable_now,full_payment,2025-08-03:935.0,2025-08-03,none,User has enough safe buffer to pay 935.0 in full today.
request_267,2148.98,affordable_now,full_payment,2026-01-05:1925.0,2026-01-05,none,User has enough safe buffer to pay 1925.0 in full today.
request_268,1074.0699999999997,affordable_with_plan,installments,2024-06-14:841.22|2024-07-15:841.22|2024-08-15:841.22,,none,"Cannot pay in full, but can afford 841.22 installments."
request_269,3568.9368333333405,affordable_with_plan,installments,2025-11-04:1068.81|2025-12-04:1068.81|2026-01-03:1068.81|2026-02-02:1068.81|2026-03-04:1068.81|2026-04-03:1068.81|2026-05-03:1068.81|2026-06-02:1068.81|2026-07-02:1068.81|2026-08-01:1068.81|2026-08-31:1068.81|2026-09-30:1068.81|2026-10-30:1068.81|2026-11-29:1068.81|2026-12-29:1068.81,,none,"Cannot pay in full, but can afford 1068.81 installments."
request_270,535.4000000000001,affordable_with_plan,installments,2026-07-09:191.82|2026-08-09:191.82|2026-09-09:191.82|2026-10-10:191.82|2026-11-10:191.82|2026-12-11:191.82|2027-01-11:191.82|2027-02-11:191.82|2027-03-14:191.82|2027-04-14:191.82|2027-05-15:191.82|2027-06-15:191.82|2027-07-16:191.82|2027-08-16:191.82|2027-09-16:191.82|2027-10-17:191.82|2027-11-17:191.82|2027-12-18:191.82,,none,"Cannot pay in full, but can afford 191.82 installments."
request_271,58752.83000000001,affordable_with_plan,installments,2024-09-10:5130.19|2024-10-08:5130.19|2024-11-05:5130.19|2024-12-03:5130.19|2024-12-31:5130.19|2025-01-28:5130.19|2025-02-25:5130.19|2025-03-25:5130.19|2025-04-22:5130.19|2025-05-20:5130.19|2025-06-17:5130.19|2025-07-15:5130.19|2025-08-12:5130.19|2025-09-09:5130.19|2025-10-07:5130.19|2025-11-04:5130.19|2025-12-02:5130.19|2025-12-30:5130.19|2026-01-27:5130.19|2026-02-24:5130.19|2026-03-24:5130.19,,none,"Cannot pay in full, but can afford 5130.19 installments."
request_272,8594132.055000005,affordable_with_plan,installments,2025-02-12:4709466.67|2025-03-12:4709466.67|2025-04-09:4709466.67,,none,"Cannot pay in full, but can afford 4709466.67 installments."
request_273,0.0,not_affordable,not_recommended,none,,none,"Safe to pay 0.0 today, but request is 15861000.0."
request_274,3047.3100000000004,affordable_now,full_payment,2024-12-04:2713.7,2024-12-04,none,User has enough safe buffer to pay 2713.7 in full today.
request_275,24446350.0,affordable_now,full_payment,2025-05-06:15884000.0,2025-05-06,none,User has enough safe buffer to pay 15884000.0 in full today.
